Accountability	161973
Algorithmic_bias	55817338
Algorithmic_regulation	43421829
Anticipatory_governance	51553282
Child_protection	3512501
Circular_economy	31666505
Community_network	158759
Competition_law	666256
Computer-supported_collaboration	2028143
Computer_and_network_surveillance	91256
Context_awareness	338689
Copyright	5278
Credential_stuffing	51646069
Cyber_sovereignty	45702461
Cybercrime	341598
Data_Sovereignty	56887996
Data_literacy	39675445
Data_localization	54068391
Data_ownership	55226628
Data_retention	3095080
Decentralization	49139
Decision-making	265752
Digital_Single_Market	47652080
Digital_citizen	20726862
Digital_commons_(economics)	36724181
Digital_divide	195113
Digital_economy	9613511
Digital_identity	1649105
Digital_labor	45562261
Digital_learning	34738297
Digital_transformation	30709221
Discrimination	8900
Disruptive_innovation	47886
Distance_education	8997
E-Administration	1191446
E-commerce	9611
E-democracy	594501
E-procurement	1513863
EHealth	1547057
Echo_chamber_(media)	16143262
Economic_inequality	370432
Educational_technology	1944675
Electronic_voting	371301
Empowerment	167703
Explainable_Artificial_Intelligence	54575571
Fake_news	52881503
Filter_bubble	31657187
Financial_technology	44518453
Freedom_of_information_laws_by_country	163152
Freedom_of_speech	21401843
Future_proof	1769652
General_Data_Protection_Regulation	38104075
Global_basic_income	40215124
Global_education	37159435
Globalization	46313
Green_computing	1661475
Green_economy	996699
Hyperconnectivity	11542420
Identity_management	927507
Immersive_technology	26740669
Information_ethics	4168072
Information_explosion	14774
Information_privacy	237536
Information_society	163901
Innovation	118450
Innovation_Hub	45035577
Intellectual_property	14724
Internet_Universality	57915032
Internet_access	300602
Internet_fraud	805626
Internet_governance	3152502
Internet_privacy	1228060
Internet_safety	8223796
Internet_security	863095
Interoperability	41285
Kerckhoffs's_principle	53064
Knowledge_commons	26654243
Level_playing_field	8446577
Living_lab	26825191
Monopoly	18878
Multidisciplinary_approach	2683859
Net_neutrality	1398166
Network_security	592687
Network_transparency	1786529
Open-source_governance	2541701
Open-source_model	18938758
Open-source_software	277663
Open_access	381219
Open_data	7697770
Open_innovation	3073096
Open_platform	13481218
Open_security	21618557
Open_spectrum	249388
Open_standard	227018
Participatory_democracy	261062
Peer-to-peer	24107
Personal_cloud	42757800
Personalized_marketing	242568
Personally_identifiable_information	1845896
Polarization_(politics)	584318
Post-truth_politics	51047974
Price_discrimination	156259
Privacy-enhancing_technologies	14389259
Privacy_by_design	32632788
Provable_security	1182348
Psychological_effects_of_Internet_use	27942343
Quality_of_experience	3411777
Real-time_collaboration	13946352
Redundancy_(engineering)	1953581
Reliability_(computer_networking)	2563492
Reputation_system	3940868
Resilience_(network)	16290509
Right_to_Internet_access	27913563
Right_to_be_forgotten	42396382
Robot_ethics	8434470
Robot_tax	53382545
Scalability	185529
Secure_Electronic_Transaction	1135462
Secure_by_design	1646964
Secure_communication	1467336
Self-management_(computer_science)	657145
Sharing_economy	39502824
Smart_city	12592050
Social_inequality	14130192
Social_innovation	3425953
Social_learning_network	43669933
Social_media	5897742
Social_networking_service	2041117
Social_objects	36345920
Surveillance	87231
Sustainability	18413531
Tamper_resistance	357347
Targeted_advertising	16777474
Temporary_work	441390
Trust_federation	1134248
Two-sided_markets	14520884
Ubiquitous_computing	31871
Usability	288276
User-centered_design	504357
User_experience	1462876
Virtual_collaboration	6372843
Virtual_community	176320
Wealth_concentration	38887166
Web_accessibility	1192305
