Articles,de,fr,es,it,sv,nl,pl,ru,en
5G,,5G,Telefonía_móvil_5G,5G,5G,5G,,5G,5G
Ad_hoc_network,,,,,,,,,Ad_hoc_network
Advanced_Encryption_Standard,Advanced_Encryption_Standard,Advanced_Encryption_Standard,Advanced_Encryption_Standard,Advanced_Encryption_Standard,Advanced_Encryption_Standard,Advanced_Encryption_Standard,Advanced_Encryption_Standard,Advanced_Encryption_Standard,Advanced_Encryption_Standard
Algorithm,Algorithmus,Algorithme,Algoritmo,Algoritmo,Algoritm,Algoritme,Algorytm,Алгоритм,Algorithm
Amazon_(company),Amazon.com,Amazon_(entreprise),Amazon,Amazon.com,Amazon.com,Amazon.com,Amazon.com,Amazon_(компания),Amazon_(company)
Apple_Inc.,Apple,Apple,Apple,Apple,Apple_Inc.,Apple_Inc.,Apple_Inc.,Apple,Apple_Inc.
Application_programming_interface,Programmierschnittstelle,Interface_de_programmation,Interfaz_de_programación_de_aplicaciones,Application_programming_interface,Application_Programming_Interface,Application_programming_interface,Interfejs_programowania_aplikacji,API,Application_programming_interface
Application-specific_integrated_circuit,Anwendungsspezifische_integrierte_Schaltung,Application-specific_integrated_circuit,Circuito_integrado_de_aplicación_específica,Application_specific_integrated_circuit,ASIC,ASIC,Specjalizowany_układ_scalony,Интегральная_схема_специального_назначения,Application-specific_integrated_circuit
Artificial_intelligence,Künstliche_Intelligenz,Intelligence_artificielle,Inteligencia_artificial,Intelligenza_artificiale,Artificiell_intelligens,Kunstmatige_intelligentie,Sztuczna_inteligencja,Искусственный_интеллект,Artificial_intelligence
Artificial_neural_networ,,,,,,,,,Artificial_neural_networ
Augmented_reality,Erweiterte_Realität,Réalité_augmentée,Realidad_aumentada,Realtà_aumentata,Förstärkt_verklighet,Toegevoegde_realiteit,Rzeczywistość_rozszerzona,Дополненная_реальность,Augmented_reality
Authentication,Authentifizierung,Facteur_d'authentification,Autenticación,Autenticazione,Autentisering,Authenticatie,Uwierzytelnianie,Аутентификация,Authentication
Automated_reasoning,,Raisonnement_automatisé,Razonamiento_automático,Ragionamento_automatico,,,,,Automated_reasoning
Automation,Automatisierung,Automation,Automatización_industrial,Automazione,Automation,Automatisering,Automatyzacja,Автоматизация,Automation
Autonomous_car,Selbstfahrendes_Kraftfahrzeug,Véhicule_autonome,Vehículo_autónomo,Autovettura_autonoma,Självkörande_bil,Zelfsturende_auto,Samochód_bezzałogowy,Беспилотный_автомобиль,Autonomous_car
Autonomous_car,Selbstfahrendes_Kraftfahrzeug,Véhicule_autonome,Vehículo_autónomo,Autovettura_autonoma,Självkörande_bil,Zelfsturende_auto,Samochód_bezzałogowy,Беспилотный_автомобиль,Autonomous_car
Back-to-back_user_agent,,IP_Multimedia_Subsystem,,,,,,B2BUA,Back-to-back_user_agent
Big_data,Big_Data,Big_data,Macrodatos,Big_data,Big_data,Big_data,Big_data,Большие_данные,Big_data
Bitcoin,Bitcoin,Bitcoin,Bitcoin,Bitcoin,Bitcoin,Bitcoin,Bitcoin,Биткойн,Bitcoin
Blockchain,Blockchain,Blockchain,Cadena_de_bloques,Blockchain,Blockkedja,Blockchain,Blockchain,Блокчейн,Blockchain
Border_Gateway_Protocol,Border_Gateway_Protocol,Border_Gateway_Protocol,Border_Gateway_Protocol,Border_Gateway_Protocol,Border_Gateway_Protocol,Border_Gateway_Protocol,Border_Gateway_Protocol,Border_Gateway_Protocol,Border_Gateway_Protocol
Botnet,Botnet,Botnet,Botnet,Botnet,Botnet,Botnet,Botnet_(bezpieczeństwo_komputerowe),Ботнет,Botnet
Brain-computer_interface,,,,,,,,,Brain-computer_interface
C-RAN,,,,,,,,,C-RAN
C2Net,,,,,,,,,C2Net
Carrier_Ethernet,,,,,,,Carrier_Ethernet,,Carrier_Ethernet
CBOR,,,,,,,,,CBOR
Chatbot,Chatbot,Agent_conversationnel,Bot_conversacional,Chatterbot,,Chatbot,Chatbot,Виртуальный_собеседник,Chatbot
Classless_Inter-Domain_Routing,Classless_Inter-Domain_Routing,,Classless_Inter-Domain_Routing,Supernetting#CIDR,Classless_Inter-Domain_Routing,Classless_Inter-Domain_Routing,Classless_Inter-Domain_Routing,Бесклассовая_адресация,Classless_Inter-Domain_Routing
Cloud_computing,Cloud_Computing,Cloud_computing,Computación_en_la_nube,Cloud_computing,Datormoln,Cloud_computing,Chmura_obliczeniowa,Облачные_вычисления,Cloud_computing
Cloud_computing,Cloud_Computing,Cloud_computing,Computación_en_la_nube,Cloud_computing,Datormoln,Cloud_computing,Chmura_obliczeniowa,Облачные_вычисления,Cloud_computing
Cloudlet,,,,,,,,,Cloudlet
Cognitive_robotics,,,Robótica_cognitiva,,,,,,Cognitive_robotics
Community_cloud,,,,,,,,,Community_cloud
Computational_trust,,,,,,,,,Computational_trust
Computer_network,Rechnernetz,Réseau_informatique,Red_de_computadoras,Rete_di_computer,Datornätverk,Computernetwerk,Sieć_komputerowa,Вычислительная_сеть,Computer_network
Computer_security,,Sécurité_des_systèmes_d'information,Seguridad_informática,Sicurezza_informatica,Datasäkerhet,Computerbeveiliging,Bezpieczeństwo_teleinformatyczne,Компьютерная_безопасность,Computer_security
Computer_vision,,Vision_par_ordinateur,Visión_artificial,Visione_artificiale,Datorseende,,Rozpoznawanie_obrazów,Компьютерное_зрение,Computer_vision
Connected_car,Connected_car,Véhicule_connecté,Vehículo_conectado,,,,,,Connected_car
Connectionless_communication,,Transmission_en_mode_sans_connexion,,Comunicazione_senza_connessione,,,,,Connectionless_communication
Constrained_Application_Protocol,Constrained_Application_Protocol,CoAP,,,,,,,Constrained_Application_Protocol
Content_delivery_network,Content_Delivery_Network,Réseau_de_diffusion_de_contenu,Red_de_entrega_de_contenidos,Content_Delivery_Network,Innehållsleveransnätverk,Content_delivery_network,Content_Delivery_Network,Content_Delivery_Network,Content_delivery_network
Context_awareness,Kontextsensitivität_(Informatik),,,,,,,,Context_awareness
Contextual_searching,,,,,,,,,Contextual_searching
Control_plane,,Plan_de_contrôle,,,,,,,Control_plane
Conversational_Monitor_System,Conversational_Monitor_System,Conversation_Monitor_System,,,,,,,Conversational_Monitor_System
Core_router,,,,,,,,,Core_router
Cryptocurrency,Kryptowährung,Cryptomonnaie,Criptomoneda,Criptovaluta,Kryptovaluta,Cryptogeld,Kryptowaluta,Криптовалюта,Cryptocurrency
Cryptographic_protocol,Verschlüsselungsprotokoll,,Protocolo_criptográfico,,,Cryptografisch_protocol,Protokół_kryptograficzny,Криптографический_протокол,Cryptographic_protocol
Cryptography,Kryptographie,Cryptographie,Criptografía,Crittografia,Kryptografi,Cryptografie,,Криптография,Cryptography
Cryptography,Kryptographie,Cryptographie,Criptografía,Crittografia,Kryptografi,Cryptografie,,Криптография,Cryptography
Cyber-physical_system,Cyber-physisches_System,Système_cyber-physique,Sistema_ciberfísico,Sistema_ciberfisico,,,,Киберфизическая_система,Cyber-physical_system
Cyberattack,Cyberattacke,Cyberattaque,,Attacco_informatico,,,,Атака_на_информационную_систему,Cyberattack
Dark_web,,Dark_web,Dark_web,Dark_web,,Dark_web,Szary_internet,,Dark_web
Data_aggregation,Aggregation_(Informatik),,,,,,Agregacja_(programowanie_obiektowe),Агрегирование_(программирование),Data_aggregation
Data_analysis,Datenanalyse,Analyse_des_données,Análisis_de_datos,Analisi_dei_dati,,,Analiza_danych,Анализ_данных,Data_analysis
Data_center,Rechenzentrum,Centre_de_données,Centro_de_procesamiento_de_datos,Centro_elaborazione_dati,Datorhall,Datacenter,Centrum_danych,Дата-центр,Data_center
Data_compression,Datenkompression,Compression_de_données,Compresión_de_datos,Compressione_dei_dati,Datakompression,Datacompressie,Kompresja_(informatyka),Сжатие_данных,Data_compression
Data_compression,Datenkompression,Compression_de_données,Compresión_de_datos,Compressione_dei_dati,Datakompression,Datacompressie,Kompresja_(informatyka),Сжатие_данных,Data_compression
Data_compression,Datenkompression,Compression_de_données,Compresión_de_datos,Compressione_dei_dati,Datakompression,Datacompressie,Kompresja_(informatyka),Сжатие_данных,Data_compression
Data_exchange,Datenaustausch,,,,,,,,Data_exchange
Data_Integrity,,,,,,,,,Data_Integrity
Data_lake,,Lac_de_données,,,,,,,Data_lake
Data_masking,Data_Masking,,Enmascaramiento_de_datos,,,,,Маскировка_данных,Data_masking
Data_mining,Data-Mining,Exploration_de_données,Minería_de_datos,Data_mining,Datautvinning,Datamining,Eksploracja_danych,Data_mining,Data_mining
Data_Plane_Development_Kit,,,,,,,,,Data_Plane_Development_Kit
Data_visualization,Informationsvisualisierung,Visualisation_de_données,Visualización_de_datos,,,Datavisualisatie,,Визуализация_данных,Data_visualization
Dataflow,Datenfluss,,,Dataflow_(microprocessori),,,,,Dataflow
Datagram_Transport_Layer_Security,Datagram_Transport_Layer_Security,Datagram_Transport_Layer_Security,Datagram_Transport_Layer_Security,,,,,DTLS,Datagram_Transport_Layer_Security
Debian,Debian,Debian,Debian,Debian,Debian_GNU/Linux,Debian,Debian,Debian,Debian
Deep_web,Deep_Web,Web_profond,Internet_profunda,Web_sommerso,Deep_web,Deep_web,Ukryta_sieć,Глубокая_паутина,Deep_web
Denial-of-service_attack,Denial_of_Service,Attaque_par_déni_de_service,Ataque_de_denegación_de_servicio,Denial_of_service,Denial_of_Service,Denial-of-service,DoS,DoS-атака,Denial-of-service_attack
Digital_currency,,,Moneda_digital,,Digital_valuta,,,Цифровая_валюта,Digital_currency
Digital_electronics,Digitaltechnik,Électronique_numérique,Electrónica_digital,Elettronica_digitale,Digitalteknik,,Elektronika_cyfrowa,Цифровые_технологии,Digital_electronics
Digital_modeling_and_fabrication,,,,Fabbricazione_digitale,,,,,Digital_modeling_and_fabrication
Digital_signature,Digitale_Signatur,Signature_numérique,Firma_digital,Firma_digitale,Digital_signatur,Digitale_handtekening,Podpis_cyfrowy,Электронная_подпись,Digital_signature
Digital_twin,Digitaler_Zwilling,Jumeau_numérique,,,,,,,Digital_twin
Distributed_computing,Verteiltes_System,Calcul_distribué,Computación_distribuida,Calcolo_distribuito,Distributed_computing,Distributed_computing,Obliczenia_rozproszone,Распределённые_вычисления,Distributed_computing
Distributed_computing,Verteiltes_System,Calcul_distribué,Computación_distribuida,Calcolo_distribuito,Distributed_computing,Distributed_computing,Obliczenia_rozproszone,Распределённые_вычисления,Distributed_computing
Distributed_ledger,Distributed-Ledger-Technologie,,,,,,Distributed_Ledger_Technology,,Distributed_ledger
Docker_(software),Docker_(Software),Docker_(logiciel),Docker_(software),Docker,,,Docker_(oprogramowanie),Docker,Docker_(software)
DOCSIS,Data_Over_Cable_Service_Interface_Specification,Data_Over_Cable_Service_Interface_Specification,DOCSIS,,DOCSIS,Data_Over_Cable_Service_Interface_Specification,DOCSIS,DOCSIS,DOCSIS
Domain_name_registry,Domain-Registrierung,Registre_de_noms_de_domaine,Registro_de_dominios,,,Domeinnamenregister,,Регистрация_доменов,Domain_name_registry
Domain_Name_System,Domain_Name_System,Domain_Name_System,Sistema_de_nombres_de_dominio,Domain_Name_System,Domännamnssystemet,Domain_Name_System,Domain_Name_System,DNS,Domain_Name_System
Domain_Name_System_Security_Extensions,Domain_Name_System_Security_Extensions,Domain_Name_System_Security_Extensions,Domain_Name_System_Security_Extensions,DNSSEC,DNS#DNSSEC,DNSSEC,DNSSEC,DNSSEC,Domain_Name_System_Security_Extensions
Dynamic_Host_Configuration_Protocol,Dynamic_Host_Configuration_Protocol,Dynamic_Host_Configuration_Protocol,Protocolo_de_configuración_dinámica_de_host,Dynamic_Host_Configuration_Protocol,Dynamic_Host_Configuration_Protocol,Dynamic_Host_Configuration_Protocol,Dynamic_Host_Configuration_Protocol,DHCP,Dynamic_Host_Configuration_Protocol
Dynamic_spectrum_management,Dynamic-Spectrum-Management,Dynamic_spectrum_management,,Dynamic_Spectrum_Management,,,,,Dynamic_spectrum_management
E-services,E-Services,,,,,,E-usługa,,E-services
EAP,EAP,EAP,EAP,EAP,EAP,,EAP,,EAP
Edge_computing,Edge_Computing,Edge_computing,,,,,,,Edge_computing
Electronic_identification,,Carte_d'identité_électronique,Documento_de_identidad_electrónico,Carta_d'identità_elettronica,E-legitimation,E-ID,,,Electronic_identification
Electronic_Product_Code,Elektronischer_Produktcode,Code_produit_électronique,Código_electrónico_de_producto,,,Electronic_Product_Code,,Electronic_Product_Code,Electronic_Product_Code
Encryption,Verschlüsselung,Chiffrement,Cifrado,,Kryptering,Encryptie,,Шифрование,Encryption
Equal-cost_multi-path_routing,,,,Equal-cost_multi-path_routing,,,,,Equal-cost_multi-path_routing
Ethereum,Ethereum,Ethereum,Ethereum,Ethereum,Ethereum,Ethereum,Ethereum,Ethereum,Ethereum
Eye_tracking,Eye-Tracking,Oculométrie,Seguimiento_de_ojos,Oculometria,Eye_tracking,,Okulografia,Окулография,Eye_tracking
Facebook,Facebook,Facebook,Facebook,Facebook,Facebook,Facebook,Facebook,Facebook,Facebook
Financial_technology,Finanztechnologie,Technologie_financière,Tecnología_financiera,Tecnofinanza,Fintech,,,Финансовые_технологии,Financial_technology
Fog_computing,,Fog_computing,,Fog_computing,,,,,Fog_computing
Global_Positioning_System,Global_Positioning_System,Global_Positioning_System,Sistema_de_posicionamiento_global,Sistema_di_posizionamento_globale,Global_Positioning_System,Global_positioning_system,Global_Positioning_System,GPS,Global_Positioning_System
Google,Google_LLC,Google,Google,Google_(azienda),Google,Google_LLC,Google,Google_(компания),Google
GOST,Gossudarstwenny_Standart,Standards_d'État_dans_la_Fédération_de_Russie,GOST,,,,Standard_Państwowy_w_Federacji_Rosyjskiej_(GOST),Межгосударственный_стандарт,GOST
GSM,Global_System_for_Mobile_Communications,Global_System_for_Mobile_Communications,Sistema_global_para_las_comunicaciones_móviles,Global_System_for_Mobile_Communications,GSM,Gsm_(communicatie),GSM,GSM,GSM
Guix_System_Distribution,Guix_System_Distribution,GuixSD,,,,,,,Guix_System_Distribution
Homomorphic_encryption,Homomorphe_Verschlüsselung,Chiffrement_homomorphe,Cifrado_homomórfico,Crittografia_omomorfica,,Homomorfe_encryptie,Szyfrowanie_homomorficzne,Гомоморфное_шифрование,Homomorphic_encryption
Human-computer_interaction,,,,,,,,,Human-computer_interaction
Hyperledger,,Hyperledger,Hyperledger,Hyperledger,,,,,Hyperledger
Hypertext_Transfer_Protocol,Hypertext_Transfer_Protocol,Hypertext_Transfer_Protocol,Protocolo_de_transferencia_de_hipertexto,Hypertext_Transfer_Protocol,Hypertext_Transfer_Protocol,Hypertext_Transfer_Protocol,Hypertext_Transfer_Protocol,HTTP,Hypertext_Transfer_Protocol
Identifier_Separation_Protocol,,,,,,,,,Identifier_Separation_Protocol
Identity_management,Identitätsmanagement,Gestion_des_identités_et_des_accès,Administración_de_identidades,Identity_management,,Gebruikersbeheer,Zarządzanie_tożsamością,Управление_учётными_данными,Identity_management
Identity_management_system,,,,,,,System_zarządzania_tożsamością,,Identity_management_system
IDMS,,IDMS,,,,,,,IDMS
IEEE_802.11,IEEE_802.11,IEEE_802.11,IEEE_802.11,IEEE_802.11,IEEE_802.11,IEEE_802.11,IEEE_802.11,IEEE_802.11,IEEE_802.11
IEEE_802.15,,,IEEE_802.15,,IEEE_802.15,,,IEEE_802.15,IEEE_802.15
Incident_Object_Description_Exchange_Format,,IODEF_:_Incident_Object_Description_Exchange_Format,,,,,,,Incident_Object_Description_Exchange_Format
Industry_4.0,Industrie_4.0,Industrie_4.0,Industria_4.0,Industria_4.0,Industri_4.0,Smart_Industry,Czwarta_rewolucja_przemysłowa,Четвёртая_промышленная_революция,Industry_4.0
Information_and_communications_technology,Informations-_und_Kommunikationstechnik,Technologies_de_l'information_et_de_la_communication,Tecnologías_de_la_información_y_la_comunicación,Tecnologie_dell'informazione_e_della_comunicazione,IKT,,Teleinformatyka,,Information_and_communications_technology
Institute_of_Electrical_and_Electronics_Engineers,Institute_of_Electrical_and_Electronics_Engineers,Institute_of_Electrical_and_Electronics_Engineers,Institute_of_Electrical_and_Electronics_Engineers,Institute_of_Electrical_and_Electronics_Engineers,Institute_of_Electrical_and_Electronics_Engineers,Institute_of_Electrical_and_Electronics_Engineers,Instytut_Inżynierów_Elektryków_i_Elektroników,Институт_инженеров_электротехники_и_электроники,Institute_of_Electrical_and_Electronics_Engineers
Integrated_Services_Digital_Network,Integrated_Services_Digital_Network,Réseau_numérique_à_intégration_de_services,Red_digital_de_servicios_integrados,Integrated_Services_Digital_Network,Integrated_Services_Digital_Network,Integrated_Services_Digital_Network,Integrated_Services_Digital_Network,ISDN,Integrated_Services_Digital_Network
Intelligent_environment,,,Ambiente_inteligente,,,,,,Intelligent_environment
Internet,Internet,Internet,Internet,Internet,Internet,Internet,Internet,Интернет,Internet
Internet_backbone,Internet-Backbone,Dorsale_Internet,Backbone,Dorsale_(informatica),Stamnät_(dator),Backbone,,Опорные_сети_Интернета,Internet_backbone
Internet_Engineering_Task_Force,Internet_Engineering_Task_Force,Internet_Engineering_Task_Force,Grupo_de_Trabajo_de_Ingeniería_de_Internet,Internet_Engineering_Task_Force,Internet_Engineering_Task_Force,Internet_Engineering_Task_Force,Internet_Engineering_Task_Force,Инженерный_совет_Интернета,Internet_Engineering_Task_Force
Internet_exchange_point,Internet-Knoten,Internet_Exchange_Point,Punto_neutro,Internet_Exchange_Point,Internetknutpunkt,Internet_exchange,Internet_Exchange_Point,Точка_обмена_интернет-трафиком,Internet_exchange_point
Internet_Key_Exchange,Internet_Key_Exchange,Internet_Key_Exchange,Internet_key_exchange,Internet_key_exchange,,,Internet_Key_Exchange,IKE,Internet_Key_Exchange
Internet_Key_Exchange,Internet_Key_Exchange,Internet_Key_Exchange,Internet_key_exchange,Internet_key_exchange,,,Internet_Key_Exchange,IKE,Internet_Key_Exchange
Internet_of_things,Internet_der_Dinge,Internet_des_objets,Internet_de_las_cosas,Internet_delle_cose,Sakernas_internet,Internet_der_dingen,Internet_rzeczy,Интернет_вещей,Internet_of_things
Internet_Protocol,Internet_Protocol,Internet_Protocol,Protocolo_de_Internet,Internet_Protocol,Internetprotokoll,Internetprotocol,Protokół_internetowy,IP,Internet_Protocol
Internet_protocol_suite,Internetprotokollfamilie,Suite_des_protocoles_Internet,Familia_de_protocolos_de_Internet,Suite_di_protocolli_Internet,TCP/IP,TCP/IP,Model_TCP/IP,TCP/IP,Internet_protocol_suite
Internet_Research_Task_Force,Internet_Research_Task_Force,,Internet_Research_Task_Force,Internet_Research_Task_Force,,,Internet_Research_Task_Force,IRTF,Internet_Research_Task_Force
Internet_service_provider,Internetdienstanbieter,Fournisseur_d'accès_à_Internet,Proveedor_de_servicios_de_Internet,Internet_service_provider,Internetleverantör,Internetprovider,Dostawca_usług_internetowych,Интернет-провайдер,Internet_service_provider
Internet_service_provider,Internetdienstanbieter,Fournisseur_d'accès_à_Internet,Proveedor_de_servicios_de_Internet,Internet_service_provider,Internetleverantör,Internetprovider,Dostawca_usług_internetowych,Интернет-провайдер,Internet_service_provider
Internet_traffic,,Trafic_Internet,,,,,Ruch_internetowy,Сетевой_трафик,Internet_traffic
IPv6,IPv6,IPv6,IPv6,IPv6,IPv6,Internet_Protocol_versie_6,IPv6,IPv6,IPv6
ISCSI,ISCSI,ISCSI,ISCSI,Internet_Small_Computer_Systems_Interface,,ISCSI,ISCSI,ISCSI,ISCSI
JSON,JavaScript_Object_Notation,JavaScript_Object_Notation,JSON,JavaScript_Object_Notation,JSON,JSON,JSON,JSON,JSON
Kerberos_(protocol),Kerberos_(Informatik),Kerberos_(protocole),Kerberos,Protocollo_Kerberos,Kerberos_(datasäkerhet),Kerberos_(protocol),Kerberos_(informatyka),Kerberos,Kerberos_(protocol)
Language_technology,Sprachtechnologie,,,,,Taal-_en_spraaktechnologie,,,Language_technology
Latency_(engineering),,,Latencia,Latenza,Latens,,,,Latency_(engineering)
Layer_2_Tunneling_Protocol,Layer_2_Tunneling_Protocol,Layer_2_Tunneling_Protocol,L2TP,L2TP,,L2TP,Layer_2_Tunneling_Protocol,L2TP,Layer_2_Tunneling_Protocol
Lightweight_Directory_Access_Protocol,Lightweight_Directory_Access_Protocol,Lightweight_Directory_Access_Protocol,Protocolo_Ligero_de_Acceso_a_Directorios,Lightweight_Directory_Access_Protocol,Lightweight_Directory_Access_Protocol,Lightweight_Directory_Access_Protocol,Lightweight_Directory_Access_Protocol,LDAP,Lightweight_Directory_Access_Protocol
Linux,Linux,Linux,,Linux,Linux,Linux,Linux,Linux,Linux
Linux_Foundation,Linux_Foundation,Fondation_Linux,Fundación_Linux,Linux_Foundation,,,Linux_Foundation,The_Linux_Foundation,Linux_Foundation
Lisp_(programming_language),Lisp,Lisp,Lisp,Lisp,Lisp,Lisp_(programmeertaal),Lisp,Лисп,Lisp_(programming_language)
Live_streaming,,Diffusion_en_direct_sur_Internet,,,,,,,Live_streaming
LTE_(telecommunication),Long_Term_Evolution,LTE_(réseaux_mobiles),LTE_(telecomunicaciones),LTE_(telefonia),LTE,3GPP_Long_Term_Evolution,Long_Term_Evolution,LTE,LTE_(telecommunication)
MAC_address,MAC-Adresse,Adresse_MAC,Dirección_MAC,Indirizzo_MAC,MAC-adress,MAC-adres,Adres_MAC,MAC-адрес,MAC_address
Machine_learning,Maschinelles_Lernen,Apprentissage_automatique,Aprendizaje_automático,Apprendimento_automatico,Maskininlärning,Machinaal_leren,Uczenie_maszynowe,Машинное_обучение,Machine_learning
Machine_translation,Maschinelle_Übersetzung,Traduction_automatique,Traducción_automática,Traduzione_automatica,Maskinöversättning,Computervertaling,Tłumaczenie_automatyczne,Машинный_перевод,Machine_translation
Malvertising,Malvertising,Malvertising,,Malvertising,,,,,Malvertising
Malware,Schadprogramm,Logiciel_malveillant,Malware,Malware,Sabotageprogram,Malware,Złośliwe_oprogramowanie,Вредоносная_программа,Malware
MariaDB,MariaDB,MariaDB,MariaDB,MariaDB,MariaDB,MariaDB,MariaDB,MariaDB,MariaDB
MARID,,,,,,,,,MARID
Mass_surveillance,Gläserner_Mensch_(Datenschutz),,Vigilancia_masiva,,,,,,Mass_surveillance
Matroska,Matroska,Matroska,Matroska,Matroska,Matroska,Matroska,Matroska,Matroska,Matroska
Micro_Data_Center,,,,,,,,,Micro_Data_Center
Microservices,Microservices,Microservices,Arquitectura_de_microservicios,,,,,Микросервисы,Microservices
MIMO,MIMO_(Nachrichtentechnik),MIMO_(télécommunications),MIMO,Multiple-input_and_multiple-output,Multiple_Input_Multiple_Output,MIMO,Multiple_Input_Multiple_Output,MIMO,MIMO
MINIX,Minix_(Betriebssystem),Minix,MINIX,Minix,Minix,Minix,MINIX,Minix,MINIX
Mobile_data_offloading,,,Descarga_de_datos_móviles,,,,,,Mobile_data_offloading
Mobile_edge_computing,,,,,,,,,Mobile_edge_computing
Mozilla_Public_License,Mozilla_Public_License,Mozilla_Public_License,Mozilla_Public_License,Mozilla_Public_License,Mozilla_Public_License,Mozilla_Public_License,Mozilla_Public_License,Mozilla_Public_License,Mozilla_Public_License
Multicast,Multicast,Multicast,Multidifusión,Multicast,Flersändning,Multicast,Multicast,Мультивещание,Multicast
Multipath_TCP,Multipath_TCP,Multipath_TCP,,,,,,,Multipath_TCP
Multiprotocol_Label_Switching,Multiprotocol_Label_Switching,Multiprotocol_Label_Switching,Multiprotocol_Label_Switching,Multiprotocol_Label_Switching,Multiprotocol_Label_Switching,Multiprotocol_Label_Switching,Multiprotocol_Label_Switching,MPLS,Multiprotocol_Label_Switching
MySQL,MySQL,MySQL,MySQL,MySQL,MySQL,MySQL,MySQL,MySQL,MySQL
Nanotechnology,Nanotechnologie,Nanotechnologie,Nanotecnología,Nanotecnologia,Nanoteknik,Nanotechnologie,Nanotechnologia,Нанотехнология,Nanotechnology
NAT64,NAT64,,NAT64,,,,,,NAT64
NETCONF,,,,,,,,NETCONF,NETCONF
Network_address_translation,Netzwerkadressübersetzung,Network_address_translation,Traducción_de_direcciones_de_red,Network_address_translation,Network_Address_Translation,Network_address_translation,Network_Address_Translation,NAT,Network_address_translation
Network_Automation,,,,,,,,,Network_Automation
Network_File_System,Network_File_System,Network_File_System,Network_File_System,Network_File_System,Network_File_System,Network_File_System,Network_File_System_(protokół),Network_File_System,Network_File_System
Network_function_virtualization,,,Virtualización_de_funciones_de_red,Network_functions_virtualization,,,,Виртуализация_сетевых_функций,Network_function_virtualization
Network_function_virtualization,,,Virtualización_de_funciones_de_red,Network_functions_virtualization,,,,Виртуализация_сетевых_функций,Network_function_virtualization
Network_layer,OSI-Modell#Schicht_3_–_Vermittlungsschicht,Couche_réseau,Capa_de_red,Livello_di_rete,Nätverksskikt,Netwerklaag,,Протоколы_сетевого_уровня,Network_layer
Network_service,Netzwerkdienst,Service_réseau,Servicio_de_red,,Nättjänst,,,Сетевые_сервисы,Network_service
Network_Time_Protocol,Network_Time_Protocol,Network_Time_Protocol,Network_Time_Protocol,Network_Time_Protocol,Network_Time_Protocol,Network_Time_Protocol,Network_Time_Protocol,NTP,Network_Time_Protocol
Next_Generation_Mobile_Networks,,,,Next_Generation_Mobile_Networks,,,,,Next_Generation_Mobile_Networks
NixOS,NixOS,,,,,,,NixOs,NixOS
Oauth,,,,,,,,,Oauth
Ontology_(information_science),Ontologie_(Informatik),Ontologie_(informatique),Ontología_(informática),Ontologia_(informatica),,Ontologie_(informatica),Ontologia_(informatyka),Онтология_(информатика),Ontology_(information_science)
Open_Shortest_Path_First,Open_Shortest_Path_First,Open_Shortest_Path_First,Open_Shortest_Path_First,Open_Shortest_Path_First,Open_Shortest_Path_First,Open_Shortest_Path_First,Open_Shortest_Path_First,OSPF,Open_Shortest_Path_First
Open_Shortest_Path_First,Open_Shortest_Path_First,Open_Shortest_Path_First,Open_Shortest_Path_First,Open_Shortest_Path_First,Open_Shortest_Path_First,Open_Shortest_Path_First,Open_Shortest_Path_First,OSPF,Open_Shortest_Path_First
Open-source_hardware,Open-Source-Hardware,Matériel_libre,Hardware_libre,Hardware_libero,Öppen_hårdvara,OpenHardware,Open_Hardware,Открытое_аппаратное_обеспечение,Open-source_hardware
OpenBSD,OpenBSD,OpenBSD,OpenBSD,OpenBSD,OpenBSD,OpenBSD,OpenBSD,OpenBSD,OpenBSD
OpenFlow,OpenFlow,OpenFlow,OpenFlow,OpenFlow,,,OpenFlow,OpenFlow,OpenFlow
OSI_model,OSI-Modell,Modèle_OSI,Modelo_OSI,Modello_OSI,OSI-modellen,OSI-model,Model_OSI,Сетевая_модель_OSI,OSI_model
Over-the-top_media_services,Over-the-top_content,Service_par_contournement,,Over-the-top_content,,Over-the-top_content,Kontent_Over-the-top,OTT,Over-the-top_media_services
Overlay_network,Overlay-Netz,Réseau_superposé,Red_superpuesta,Overlay_network,,,,Оверлейная_сеть,Overlay_network
Package_manager,Paketverwaltung,Gestionnaire_de_paquets,Sistema_de_gestión_de_paquetes,Sistema_di_gestione_dei_pacchetti,Pakethanterare,Pakketbeheer,System_zarządzania_pakietami,Система_управления_пакетами,Package_manager
PCI_Express,PCI_Express,PCI_Express,PCI_Express,PCI_Express,PCI_Express,PCI_Express,PCI_Express,PCI_Express,PCI_Express
Peer-to-peer,Peer-to-Peer,Pair_à_pair,Peer-to-peer,Peer-to-peer,P2P-nätverk,Peer-to-peer,Peer-to-peer,Одноранговая_сеть,Peer-to-peer
Peering,Peering,Peering,Peering,Peering,,Peering,Peering,Пиринг,Peering
PHP,PHP,PHP,PHP,PHP,PHP,PHP,PHP,PHP,PHP
PKCS,Public-Key_Cryptography_Standards,Public_Key_Cryptographic_Standards,PKCS,PKCS,,,PKCS,PKCS,PKCS
Point-to-multipoint_communication,,,Red_multipunto,,,,,Точка-многоточка,Point-to-multipoint_communication
Port_Control_Protocol,,,,,,,,,Port_Control_Protocol
Python_(programming_language),Python_(Programmiersprache),Python_(langage),Python,Python,Python_(programspråk),Python_(programmeertaal),Python,Python,Python_(programming_language)
Quagga_(software),Quagga_(Software),Quagga_(logiciel),Quagga_(enrutador),,,,Quagga,Quagga,Quagga_(software)
Quantum_computing,Quantencomputer,Calculateur_quantique,Computación_cuántica,Computer_quantistico,Kvantdator,Kwantumcomputer,Komputer_kwantowy,Квантовый_компьютер,Quantum_computing
Quantum_network,Quantennetzwerk,,,,,,,Квантовая_сеть,Quantum_network
Quantum_technology,Quantentechnologie,,,,,,Inżynieria_kwantowa,Квантовая_технология,Quantum_technology
QUIC,Quick_UDP_Internet_Connections,,QUIC,,,,,QUIC,QUIC
Radio_access_network,,Radio_access_network,,,Radio_Access_Network,,Sieć_radiowa,,Radio_access_network
RADIUS,Remote_Authentication_Dial-In_User_Service,Remote_Authentication_Dial-In_User_Service,RADIUS,RADIUS,Remote_Authentication_Dial-In_User_Services,RADIUS,RADIUS,RADIUS,RADIUS
Real_Time_Kinematic,Echtzeitkinematik,Cinématique_temps_réel,RTK_(navegación),Cinematica_in_tempo_reale,Real_time_kinematic,RTK,Real_Time_Kinematic,Real_Time_Kinematic,Real_Time_Kinematic
Real-time_data,,,,,,,,,Real-time_data
Real-time_Transport_Protocol,Real-Time_Transport_Protocol,Real-time_Transport_Protocol,Protocolo_de_transporte_en_tiempo_real,Real-time_Transport_Protocol,Real-time_Transport_Protocol,Realtime_Transport_Protocol,Real-time_Transport_Protocol,Real-time_Transport_Protocol,Real-time_Transport_Protocol
Recommender_system,Empfehlungsdienst,Système_de_recommandation,Sistema_de_recomendación,Sistema_di_raccomandazione,Rekommendationssystem,,,Рекомендательная_система,Recommender_system
Recursive_InterNetwork_Architecture_(RINA),,,RINA,,,,,,Recursive_InterNetwork_Architecture_(RINA)
Regulatory_technology,,,,,,,,Регуляторные_технологии,Regulatory_technology
Reinforcement_learning,Bestärkendes_Lernen,Apprentissage_par_renforcement,Aprendizaje_por_refuerzo,Apprendimento_per_rinforzo,,,,Обучение_с_подкреплением,Reinforcement_learning
Resource_Reservation_Protocol,Resource_Reservation_Protocol,Resource_Reservation_Protocol,Protocolo_de_reserva_de_recursos,Resource_Reservation_Protocol,Resursreservationsprotokoll,Resource_Reservation_Protocol,Resource_Reservation_Protocol,RSVP_(протокол),Resource_Reservation_Protocol
Rich_Internet_application,Rich_Internet_Application,Rich_Internet_application,Rich_Internet_application,Rich_Internet_application,Rich_Internet_Applications,Rich_internet_application,Rich_Internet_Application,Насыщенное_интернет-приложение,Rich_Internet_application
RISC-V,RISC-V,RISC-V,,,,,,RISC-V,RISC-V
Robotic_process_automation,Robotergesteuerte_Prozessautomatisierung,,Automatización_robótica_de_procesos,,,,Zrobotyzowana_Automatyzacja_Procesów,,Robotic_process_automation
Robotics,Robotik,Robotique,Robótica,Robotica,Robotik,Robotica,Robotyka,Робототехника,Robotics
Robotics,Robotik,Robotique,Robótica,Robotica,Robotik,Robotica,Robotyka,Робототехника,Robotics
Robust_Header_Compression,ROHC,Robust_Header_Compression,,,,,,ROHC,Robust_Header_Compression
Routing_bridge,,,,,,,,,Routing_bridge
Secure_multi-party_computation,,Calcul_multipartite_sécurisé,Protocolo_seguro,,,,,Протокол_конфиденциального_вычисления,Secure_multi-party_computation
Secure_Real-time_Transport_Protocol,Secure_Real-Time_Transport_Protocol,Secure_Real-time_Transport_Protocol,Secure_Real-time_Transport_Protocol,,,,,SRTP,Secure_Real-time_Transport_Protocol
Semantic_analysis_(machine_learning),,,,,,,,,Semantic_analysis_(machine_learning)
Semantic_Web,Semantic_Web,Web_sémantique,Web_semántica,Web_semantico,Semantiska_webben,Semantisch_web,Semantic_Web,Семантическая_паутина,Semantic_Web
Service-oriented_architecture,Serviceorientierte_Architektur,Architecture_orientée_services,Arquitectura_orientada_a_servicios,Service-oriented_architecture,Tjänsteorienterad_arkitektur,Service-oriëntatie,Architektura_zorientowana_na_usługi,Сервис-ориентированная_архитектура,Service-oriented_architecture
Session_Description_Protocol,Session_Description_Protocol,Session_Description_Protocol,Session_Description_Protocol,Session_Description_Protocol,,,Session_Description_Protocol,Session_Description_Protocol,Session_Description_Protocol
Session_Initiation_Protocol,Session_Initiation_Protocol,Session_Initiation_Protocol,Protocolo_de_iniciación_de_sesión,Session_Initiation_Protocol,Session_Initiation_Protocol,Session_Initiation_Protocol,Session_Initiation_Protocol,Протокол_установления_сеанса,Session_Initiation_Protocol
Smart_contract,Smart_Contract,Contrat_intelligent,Contrato_inteligente,Smart_contract,,,,Смарт-контракт,Smart_contract
Smart_grid,Intelligentes_Stromnetz,Smart_grid,Red_eléctrica_inteligente,Smart_grid,Smart_elnät,Smart_grid,Inteligentna_sieć_energetyczna,Умные_сети_электроснабжения,Smart_grid
Smart_objects,Smartes_Objekt,,,,,,,,Smart_objects
Smartphone,Smartphone,Smartphone,Teléfono_inteligente,Smartphone,Smartmobil,Smartphone,Smartfon,Смартфон,Smartphone
Software-defined_infrastructure,,,,,,,,,Software-defined_infrastructure
Software-defined_networking,Software-defined_networking,Software-defined_networking,Redes_definidas_por_software,Software-defined_networking,,,Programowalna_sieć_komputerowa,Программно-определяемая_сеть,Software-defined_networking
Software-defined_radio,Software_Defined_Radio,Radio_logicielle,Radio_definida_por_software,Software_defined_radio,Mjukvarudefinierad_radio,Software-defined_radio,Radio_programowalne,Программно-определяемая_радиосистема,Software-defined_radio
Speech_recognition,Spracherkennung,Reconnaissance_automatique_de_la_parole,Reconocimiento_del_habla,Riconoscimento_vocale,Taligenkänning,Spraakherkenning,Rozpoznawanie_mowy,Распознавание_речи,Speech_recognition
Speech_translation,,,,,,,,Автоматический_перевод_устной_речи,Speech_translation
Stream_Control_Transmission_Protocol,Stream_Control_Transmission_Protocol,Stream_Control_Transmission_Protocol,Stream_Control_Transmission_Protocol,Stream_Control_Transmission_Protocol,Stream_Control_Transmission_Protocol,Stream_Control_Transmission_Protocol,Stream_Control_Transmission_Protocol,SCTP,Stream_Control_Transmission_Protocol
Supercomputer,Supercomputer,Superordinateur,Supercomputadora,Supercomputer,Superdator,Supercomputer,Superkomputer,Суперкомпьютер,Supercomputer
Supercomputer,Supercomputer,Superordinateur,Supercomputadora,Supercomputer,Superdator,Supercomputer,Superkomputer,Суперкомпьютер,Supercomputer
Telecommunication,Telekommunikation,Télécommunications,Telecomunicación,Telecomunicazione,Telekommunikation,Telecommunicatie,Telekomunikacja,Электросвязь,Telecommunication
Telecommunications_network,,Réseau_de_télécommunications,Red_de_telecomunicación,Rete_di_telecomunicazioni,,,Sieć_telekomunikacyjna,Коммуникационная_сеть,Telecommunications_network
Traffic_shaping,Traffic-Shaping,Traffic_shaping,Conformado_de_tráfico,Traffic_shaping,,Traffic_shaping,,Шейпинг_(информатика),Traffic_shaping
Transmission_Control_Protocol,Transmission_Control_Protocol,Transmission_Control_Protocol,Protocolo_de_control_de_transmisión,Transmission_Control_Protocol,Transmission_control_protocol,Transmission_Control_Protocol,Protokół_sterowania_transmisją,Transmission_Control_Protocol,Transmission_Control_Protocol
Transparent_Network_Substrate,Transparent_Network_Substrate,Transparent_Network_Substrate,,,,,,,Transparent_Network_Substrate
Transport_layer,Transportschicht,Couche_transport,Capa_de_transporte,Livello_di_trasporto,Transportskikt,Transportlaag,,Транспортный_уровень,Transport_layer
Transport_Layer_Security,Transport_Layer_Security,Transport_Layer_Security,Transport_Layer_Security,Transport_Layer_Security,Transport_Layer_Security,Transport_Layer_Security,Transport_Layer_Security,TLS,Transport_Layer_Security
Tunneling_protocol,Tunnel_(Rechnernetz),Tunnel_(réseau_informatique),Túnel_(informática),Protocollo_di_tunneling,Tunnlade_protokoll,Tunnelingprotocol,Tunel_(informatyka),Туннелирование_(компьютерные_сети),Tunneling_protocol
Twitter,Twitter,Twitter,Twitter,Twitter,Twitter,Twitter,Twitter,Твиттер,Twitter
Uniform_Resource_Name,Uniform_Resource_Name,Uniform_Resource_Name,Nombre_de_Recurso_Uniforme,Uniform_Resource_Name,,Uniform_resource_name,Uniform_Resource_Name,URN,Uniform_Resource_Name
Unikernel,,Unikernel,,,,,,,Unikernel
User_interface_design,Interfacedesign,,Diseño_de_interfaz_de_usuario,Interface_design,,,,,User_interface_design
Value-added_service,Mehrwertdienst_(Telekommunikation),,Número_de_teléfono_de_tarificación_adicional,Servizi_a_valore_aggiunto,,Informatienummer,Usługa_dodana,Дополнительные_виды_обслуживания,Value-added_service
Vehicle-to-vehicle,,,,,,,,,Vehicle-to-vehicle
Vehicular_automation,Fahrerloser_Transport,,Automatización_vehicular,,,,,,Vehicular_automation
Virtual_currency,,Monnaie_virtuelle,Dinero_virtual,,Virtuell_valuta,,,Виртуальная_валюта,Virtual_currency
Virtual_device,Gerätedatei,,Fichero_de_dispositivo,,,,,/dev,Virtual_device
Virtual_LAN,Virtual_Local_Area_Network,Réseau_local_virtuel,VLAN,VLAN,VLAN,Virtual_LAN,Wirtualna_sieć_lokalna,VLAN,Virtual_LAN
Virtual_machine,Virtuelle_Maschine,Machine_virtuelle,Máquina_virtual,Macchina_virtuale,Virtuell_maskin,Virtuele_machine,Maszyna_wirtualna,Виртуальная_машина,Virtual_machine
Virtual_private_network,Virtual_Private_Network,Réseau_privé_virtuel,Red_privada_virtual,Virtual_Private_Network,Virtual_private_network,Virtueel_Particulier_Netwerk,Virtual_Private_Network,VPN,Virtual_private_network
Virtual_reality,Virtuelle_Realität,Réalité_virtuelle,Realidad_virtual,Realtà_virtuale,Virtuell_verklighet,Virtuele_werkelijkheid,Rzeczywistość_wirtualna,Виртуальная_реальность,Virtual_reality
Virtualization,Virtualisierung_(Informatik),Virtualisation,Virtualización,Virtualizzazione,Virtualisering,Virtualisatie,Wirtualizacja,Виртуализация,Virtualization
Visible_light_communication,Visible_Light_Communications,,Comunicación_con_luz_visible,,,Visible_light_communication,,VLC_(технология_передачи_данных),Visible_light_communication
VyOS,,,,,,,,,VyOS
Web_search_engine,,Moteur_de_recherche,,,,,,Поисковая_система,Web_search_engine
WiMAX,WiMAX,WiMAX,WiMAX,WiMAX,,WiMAX,WiMAX,WiMAX,WiMAX
Wireless,Kabellose_Übertragungsverfahren,Transmission_sans_fil,Comunicación_inalámbrica,Wireless,Trådlöst_nätverk,,,Беспроводные_технологии,Wireless
Wireless_mesh_network,Ad-hoc-Netz,,Red_inalámbrica_mallada,,,,,,Wireless_mesh_network
World_Wide_Web_Consortium,World_Wide_Web_Consortium,World_Wide_Web_Consortium,World_Wide_Web_Consortium,World_Wide_Web_Consortium,World_Wide_Web_Consortium,World_Wide_Web_Consortium,World_Wide_Web_Consortium,Консорциум_Всемирной_паутины,World_Wide_Web_Consortium
YANG,,,,,,,,,YANG
